GeoFIPS,GeoName,Region,TableName,LineCode,IndustryClassification,Description,Unit,1969,1970,1971,1972,1973,1974,1975,1976,1977,1978,1979,1980,1981,1982,1983,1984,1985,1986,1987,1988,1989,1990,1991,1992,1993,1994,1995,1996,1997,1998,1999,2000,2001,2002,2003,2004,2005,2006,2007,2008,2009,2010,2011,2012,2013,2014,2015,2016,2017,2018
 "22000","Louisiana",5,CAINC1,1,"...","Personal income (thousands of dollars)","Thousands of dollars",10765877,11663035,12715230,13912080,15528477,17651808,19875142,22415528,25031404,28630805,32478004,37368848,43084374,46379689,48422536,51504460,53629661,53695136,53932056,56881207,60326085,64880918,68408285,73263960,76872654,81905818,85953266,89776927,94400601,98943993,101397141,107072494,114459006,117698461,121131961,126295608,135921323,143643335,157374298,168069987,163751636,171098211,177105109,186589357,189197094,198233896,200748457,199879233,205227413,215488654
 "22000","Louisiana",5,CAINC1,2,"...","Population (persons) 1/","Number of persons",3619000,3650209,3710666,3761967,3788840,3820720,3886963,3951636,4015582,4073288,4139316,4223101,4283297,4352609,4395311,4400474,4408113,4406922,4344151,4288859,4252896,4221532,4253279,4293003,4316428,4347481,4378779,4398877,4421071,4440344,4460811,4471885,4477875,4497267,4521042,4552238,4576628,4302665,4375581,4435586,4491648,4544532,4575184,4600814,4624577,4644204,4664851,4678215,4670818,4659978
 "22000","Louisiana",5,CAINC1,3,"...","Per capita personal income (dollars) 2/","Dollars",2975,3195,3427,3698,4098,4620,5113,5672,6234,7029,7846,8849,10059,10656,11017,11704,12166,12184,12415,13263,14185,15369,16084,17066,17809,18840,19630,20409,21352,22283,22731,23943,25561,26171,26793,27744,29699,33385,35966,37891,36457,37649,38710,40556,40911,42684,43034,42726,43938,46242
 "22001","Acadia, LA",5,CAINC1,1,"...","Personal income (thousands of dollars)","Thousands of dollars",113761,124885,134386,149067,183561,208404,233919,237840,269294,298090,347196,404581,478639,549418,558364,576144,602677,574007,545626,593172,616791,662573,704698,738680,797031,847761,897836,937224,1015974,1088526,1082685,1154780,1237784,1274203,1318710,1337677,1438296,1567311,1690878,1925016,1917444,1958987,2036850,2141340,2264583,2341246,2244884,2149792,2218075,2319912
 "22001","Acadia, LA",5,CAINC1,2,"...","Population (persons) 1/","Number of persons",51852,52167,52506,52621,52760,52688,53131,53770,53809,54374,55402,56631,57345,58557,59133,58754,59018,59176,58328,57342,56783,55741,56237,56357,56885,56992,57473,58064,58218,58501,58762,58795,58844,59065,59194,59223,59524,60522,60762,61115,61451,61875,61853,61991,62294,62664,62681,62793,62514,62190
 "22001","Acadia, LA",5,CAINC1,3,"...","Per capita personal income (dollars) 2/","Dollars",2194,2394,2559,2833,3479,3955,4403,4423,5005,5482,6267,7144,8347,9383,9443,9806,10212,9700,9354,10344,10862,11887,12531,13107,14011,14875,15622,16141,17451,18607,18425,19641,21035,21573,22278,22587,24163,25897,27828,31498,31203,31660,32930,34543,36353,37362,35814,34236,35481,37304
 "22003","Allen, LA",5,CAINC1,1,"...","Personal income (thousands of dollars)","Thousands of dollars",45712,50438,57418,60048,72030,76180,80007,86585,97003,107679,124350,135747,150315,154024,162733,168336,176461,177902,177927,189710,201244,215450,234278,249754,269491,287378,333420,345762,362883,382848,406459,425203,436782,453273,475267,502329,535467,566889,601488,664706,696433,685322,697287,716638,733323,747040,758654,783968,813889,854719
 "22003","Allen, LA",5,CAINC1,2,"...","Population (persons) 1/","Number of persons",20681,20811,21006,21103,20768,20560,20662,20748,20918,21039,21160,21391,21288,21709,21710,21514,21577,21659,22592,21174,21384,21232,21968,22822,23510,23792,24246,24687,24605,25114,25364,25401,25399,25194,25327,25338,25076,25692,25937,25854,25863,25718,25755,25638,25683,25729,25645,25693,25631,25605
 "22003","Allen, LA",5,CAINC1,3,"...","Per capita personal income (dollars) 2/","Dollars",2210,2424,2733,2845,3468,3705,3872,4173,4637,5118,5877,6346,7061,7095,7496,7824,8178,8214,7876,8960,9411,10147,10665,10944,11463,12079,13752,14006,14748,15244,16025,16740,17197,17991,18765,19825,21354,22065,23190,25710,26928,26648,27074,27952,28553,29035,29583,30513,31754,33381
 "22005","Ascension, LA",5,CAINC1,1,"...","Personal income (thousands of dollars)","Thousands of dollars",100478,106121,115595,128996,143992,178190,205697,265280,284699,326695,379580,438886,498584,531616,574928,624067,656367,651487,663730,736889,795468,880643,945416,1058111,1124341,1218687,1314053,1405687,1498343,1619287,1730514,1874905,1944877,2046404,2148777,2355532,2759162,3209962,3597644,4015554,4071312,4285109,4525953,4782753,4952730,5274532,5577941,5673180,5880525,6212332
 "22005","Ascension, LA",5,CAINC1,2,"...","Population (persons) 1/","Number of persons",36588,37186,38026,39530,39953,40599,41503,42966,44613,46307,48220,50424,51758,53056,55231,57257,57975,58703,58600,57270,57585,58408,59447,60829,62219,64216,66138,68093,70505,72272,74662,77335,79210,81379,83967,86352,89741,96421,100132,102891,105172,107886,110065,112218,114638,117287,119374,121520,123028,124672
 "22005","Ascension, LA",5,CAINC1,3,"...","Per capita personal income (dollars) 2/","Dollars",2746,2854,3040,3263,3604,4389,4956,6174,6382,7055,7872,8704,9633,10020,10410,10899,11322,11098,11326,12867,13814,15077,15904,17395,18071,18978,19868,20644,21252,22405,23178,24244,24553,25147,25591,27278,30746,33291,35929,39027,38711,39719,41121,42620,43203,44971,46727,46685,47798,49829
 "22007","Assumption, LA",5,CAINC1,1,"...","Personal income (thousands of dollars)","Thousands of dollars",42760,46696,53589,60725,71863,94557,90961,103231,112499,130509,144290,174302,207639,218543,214361,225762,241463,225652,213479,226147,249557,275766,290499,303245,315062,336401,364419,388833,435985,451064,439096,460999,507110,520248,531684,561214,573215,636283,691915,740055,753163,784949,841635,896063,956075,963724,955059,918196,991202,1043371
 "22007","Assumption, LA",5,CAINC1,2,"...","Population (persons) 1/","Number of persons",19517,19701,19948,20178,20359,20412,20568,20733,20910,21213,21741,22228,22765,23542,23800,23534,23637,23547,23047,22804,22924,22704,22665,22628,22658,22685,22873,22812,22986,23173,23372,23324,23194,23210,23262,23319,23199,23477,23543,23534,23508,23333,23183,23072,23200,23047,22890,22751,22580,22300
 "22007","Assumption, LA",5,CAINC1,3,"...","Per capita personal income (dollars) 2/","Dollars",2191,2370,2686,3009,3530,4632,4422,4979,5380,6152,6637,7842,9121,9283,9007,9593,10215,9583,9263,9917,10886,12146,12817,13401,13905,14829,15932,17045,18967,19465,18787,19765,21864,22415,22856,24067,24709,27102,29389,31446,32039,33641,36304,38838,41210,41816,41724,40358,43897,46788
 "22009","Avoyelles, LA",5,CAINC1,1,"...","Personal income (thousands of dollars)","Thousands of dollars",73296,79442,87111,95978,107043,127233,134806,155476,169636,199013,215228,242157,278849,298283,328181,340998,359248,345586,343555,365328,380263,420005,438758,486425,507428,573075,605466,631824,665501,672226,724969,740552,805880,822403,856063,904841,960418,1020994,1107613,1188975,1249853,1288744,1377062,1455239,1444324,1429638,1423543,1438959,1492996,1533949
 "22009","Avoyelles, LA",5,CAINC1,2,"...","Population (persons) 1/","Number of persons",37760,37817,38284,38217,38702,38929,39412,39884,40385,40874,41334,41426,41482,42113,42217,42243,42159,42162,41409,40435,39688,39121,39041,39246,39839,39953,40387,40847,41071,41253,41373,41459,41274,41233,41446,41271,41036,42080,41809,42040,42034,42106,41791,41572,41275,41089,40991,40997,40871,40462
 "22009","Avoyelles, LA",5,CAINC1,3,"...","Per capita personal income (dollars) 2/","Dollars",1941,2101,2275,2511,2766,3268,3420,3898,4200,4869,5207,5846,6722,7083,7774,8072,8521,8197,8297,9035,9581,10736,11238,12394,12737,14344,14992,15468,16204,16295,17523,17862,19525,19945,20655,21924,23404,24263,26492,28282,29734,30607,32951,35005,34993,34794,34728,35099,36529,37911
 "22011","Beauregard, LA",5,CAINC1,1,"...","Personal income (thousands of dollars)","Thousands of dollars",58580,69179,78108,88024,99781,111932,126420,137326,157770,184969,216633,237898,261120,281887,310264,319960,335527,346422,355768,363285,381018,415335,441762,468783,492007,517803,541315,560028,576282,602423,630918,653300,695938,726846,780258,833729,898362,967424,1080028,1222808,1197205,1259254,1344013,1348827,1362401,1403273,1448444,1458358,1515357,1593768
 "22011","Beauregard, LA",5,CAINC1,2,"...","Population (persons) 1/","Number of persons",22642,22924,23227,24134,24564,25340,26561,27557,28214,29059,29304,29836,30363,30845,31385,31570,31754,31705,31875,31032,30438,30061,30792,31113,31326,31585,31765,31895,32147,32334,32649,32979,33001,33000,33221,33614,34130,34510,34623,34893,35142,35834,36090,36335,36267,36248,36530,36966,36847,37253
 "22011","Beauregard, LA",5,CAINC1,3,"...","Per capita personal income (dollars) 2/","Dollars",2587,3018,3363,3647,4062,4417,4760,4983,5592,6365,7393,7974,8600,9139,9886,10135,10566,10926,11161,11707,12518,13816,14347,15067,15706,16394,17041,17558,17926,18631,19324,19810,21088,22026,23487,24803,26322,28033,31194,35045,34068,35141,37241,37122,37566,38713,39651,39451,41126,42782
 "22013","Bienville, LA",5,CAINC1,1,"...","Personal income (thousands of dollars)","Thousands of dollars",35698,38417,41073,45689,51222,55476,60764,67627,74888,84749,95562,109333,125791,136939,144189,152957,160012,164093,160702,171398,178932,189660,203395,218199,228650,243272,253028,255036,256583,268986,279871,286879,300979,306402,312707,329191,342083,344374,359027,398377,410792,443903,452607,446398,455105,450886,458957,460552,487713,512260
 "22013","Bienville, LA",5,CAINC1,2,"...","Population (persons) 1/","Number of persons",16069,15980,15756,15572,15540,15845,16142,16114,16190,16332,16282,16416,16502,16382,16547,16510,16722,16786,16726,16353,16196,16212,16163,16096,16197,16242,16001,15989,15946,15889,15813,15717,15400,15279,15077,15017,14852,14773,14699,14494,14435,14308,14261,14194,13965,13785,13826,13780,13639,13308
 "22013","Bienville, LA",5,CAINC1,3,"...","Per capita personal income (dollars) 2/","Dollars",2222,2404,2607,2934,3296,3501,3764,4197,4626,5189,5869,6660,7623,8359,8714,9265,9569,9776,9608,10481,11048,11699,12584,13556,14117,14978,15813,15951,16091,16929,17699,18253,19544,20054,20741,21921,23033,23311,24425,27486,28458,31025,31737,31450,32589,32708,33195,33422,35759,38493
 "22015","Bossier, LA",5,CAINC1,1,"...","Personal income (thousands of dollars)","Thousands of dollars",197186,220122,235741,256807,284298,331417,372108,410688,455766,520864,596424,697763,790823,870632,940717,1013929,1076272,1114068,1137888,1180710,1234606,1353826,1416426,1541822,1635239,1750728,1861297,1932090,2005156,2089717,2222738,2360971,2496195,2602303,2751790,2951426,3211365,3492163,3709998,4034136,4061744,4375535,4690480,4793999,4800966,5163395,5213441,5255448,5320630,5615097
 "22015","Bossier, LA",5,CAINC1,2,"...","Population (persons) 1/","Number of persons",63471,65386,65229,66060,68063,69968,73589,75603,76973,78379,79496,81285,83397,86020,87032,87533,88351,89351,88704,87308,87581,85957,86404,87086,88914,90714,92640,94632,96659,95878,97284,99658,100986,102227,103088,105435,107477,110606,112048,113824,115187,117669,120122,123154,124020,124875,125577,125962,127058,127185
 "22015","Bossier, LA",5,CAINC1,3,"...","Per capita personal income (dollars) 2/","Dollars",3107,3367,3614,3887,4177,4737,5057,5432,5921,6645,7503,8584,9483,10121,10809,11583,12182,12468,12828,13524,14097,15750,16393,17705,18391,19299,20092,20417,20745,21796,22848,23691,24718,25456,26694,27993,29880,31573,33111,35442,35262,37185,39048,38927,38711,41349,41516,41722,41876,44149
 "22017","Caddo, LA",5,CAINC1,1,"...","Personal income (thousands of dollars)","Thousands of dollars",783540,851569,925165,1002304,1106796,1246346,1397054,1532535,1702602,1906660,2131165,2409711,2777981,3006172,3184176,3450649,3634659,3648402,3713488,3850318,4010941,4242764,4384190,4707591,4997653,5233130,5379871,5540734,5780666,6031860,6143157,6493528,7318682,7457048,7549928,7628676,8318008,8941625,8965303,10554187,9821450,10427053,10563335,10924316,11268554,12188244,11822133,11162660,11166100,11760644
 "22017","Caddo, LA",5,CAINC1,2,"...","Population (persons) 1/","Number of persons",230930,230482,234056,238054,238233,239253,242309,245002,245689,247403,249572,253001,254796,258049,260278,261282,263301,264653,260983,257242,252769,247804,247111,249102,250573,250723,251959,251703,252025,251782,251876,250990,249815,248753,248346,249157,249593,252740,251760,251953,253245,255599,256952,257248,255117,252604,251361,248885,246034,242922
 "22017","Caddo, LA",5,CAINC1,3,"...","Per capita personal income (dollars) 2/","Dollars",3393,3695,3953,4210,4646,5209,5766,6255,6930,7707,8539,9525,10903,11650,12234,13207,13804,13786,14229,14968,15868,17121,17742,18898,19945,20872,21352,22013,22937,23957,24390,25872,29296,29978,30401,30618,33326,35379,35611,41890,38782,40795,41110,42466,44170,48250,47032,44851,45384,48413
 "22019","Calcasieu, LA",5,CAINC1,1,"...","Personal income (thousands of dollars)","Thousands of dollars",437046,466868,501196,526999,596167,676825,771699,878906,988763,1165197,1338394,1559867,1808013,1843551,1935931,1952427,2007691,2022692,2092012,2221204,2358947,2628593,2785019,2931011,3077298,3326511,3536618,3747251,3942714,4066253,4139090,4286911,4505981,4601908,4621526,4849421,5297850,5742220,6351093,6744782,6483565,6672471,6989598,7386811,7519483,8107192,8692317,8942225,9340051,9945927
 "22019","Calcasieu, LA",5,CAINC1,2,"...","Population (persons) 1/","Number of persons",144514,145285,145990,148495,150283,150716,151917,154297,157034,158996,163007,168054,171072,173969,174520,174116,172999,171398,170471,169238,168330,168285,170114,171442,172807,174905,177308,180000,181411,182580,183417,183554,183296,183487,184701,185593,186417,185350,187081,188928,191080,193027,193838,194460,195474,196562,198427,200480,202330,203112
 "22019","Calcasieu, LA",5,CAINC1,3,"...","Per capita personal income (dollars) 2/","Dollars",3024,3213,3433,3549,3967,4491,5080,5696,6296,7328,8211,9282,10569,10597,11093,11213,11605,11801,12272,13125,14014,15620,16371,17096,17808,19019,19946,20818,21734,22271,22567,23355,24583,25080,25022,26129,28419,30980,33948,35700,33931,34568,36059,37986,38468,41245,43806,44604,46162,48968
 "22021","Caldwell, LA",5,CAINC1,1,"...","Personal income (thousands of dollars)","Thousands of dollars",18063,21057,24093,28123,30841,32932,36269,44217,48511,53786,63139,67664,76412,79960,81947,96731,101095,100913,103296,103236,107737,115898,118586,131104,147071,158324,157097,165740,173183,177193,183797,192407,203341,212135,218286,226492,238255,255966,280945,312582,306682,307353,302161,301214,302566,309136,312702,318586,324436,338141
 "22021","Caldwell, LA",5,CAINC1,2,"...","Population (persons) 1/","Number of persons",9329,9332,9232,9838,9669,9954,9890,9960,10067,10075,10387,10761,10746,10710,10684,10672,10715,10777,10543,10219,10019,9790,9785,9860,10050,10172,10237,10257,10421,10452,10540,10559,10429,10429,10352,10382,10247,10224,10189,10224,10185,10153,10127,10045,9988,9952,10047,10075,9947,9960
 "22021","Caldwell, LA",5,CAINC1,3,"...","Per capita personal income (dollars) 2/","Dollars",1936,2256,2610,2859,3190,3308,3667,4439,4819,5339,6079,6288,7111,7466,7670,9064,9435,9364,9798,10102,10753,11838,12119,13297,14634,15565,15346,16159,16619,16953,17438,18222,19498,20341,21086,21816,23251,25036,27573,30573,30111,30272,29837,29986,30293,31063,31124,31621,32616,33950
 "22023","Cameron, LA",5,CAINC1,1,"...","Personal income (thousands of dollars)","Thousands of dollars",21213,24608,28055,29301,30640,35782,39839,40805,48058,59198,69468,81236,89992,98991,102231,106284,114583,106571,101762,106416,108791,120461,123094,124936,127126,129304,138192,150166,166600,176092,177971,192637,186524,178433,187222,198776,214942,212372,256679,275501,244058,234076,240743,267376,281609,304610,293452,297532,328818,350349
 "22023","Cameron, LA",5,CAINC1,2,"...","Population (persons) 1/","Number of persons",8094,8305,8676,8656,8587,8627,8474,8434,8505,8634,8906,9402,9652,9896,10161,10171,10032,9899,9743,9717,9443,9239,9325,9294,9286,9276,9299,9335,9665,9890,9991,9937,9875,9834,9851,9851,9846,7719,7517,7434,6930,6916,6671,6629,6711,6725,6825,6895,6926,6968
 "22023","Cameron, LA",5,CAINC1,3,"...","Per capita personal income (dollars) 2/","Dollars",2621,2963,3234,3385,3568,4148,4701,4838,5651,6856,7800,8640,9324,10003,10061,10450,11422,10766,10445,10952,11521,13038,13200,13443,13690,13940,14861,16086,17237,17805,17813,19386,18889,18144,19005,20178,21830,27513,34146,37060,35218,33846,36088,40334,41962,45295,42997,43152,47476,50280
 "22025","Catahoula, LA",5,CAINC1,1,"...","Personal income (thousands of dollars)","Thousands of dollars",21630,24285,27688,31743,35356,45272,40025,61014,60702,60892,64323,69040,88986,95314,102563,112626,101630,101242,102506,121766,110675,123241,129458,147150,151606,179243,172927,195940,172264,177868,196825,202239,204835,190685,217967,218590,241999,248549,265685,249191,277079,300742,318284,330660,345565,325346,310180,315534,328546,323361
 "22025","Catahoula, LA",5,CAINC1,2,"...","Population (persons) 1/","Number of persons",11782,11842,12173,12015,11793,11321,11487,11669,11930,11959,12129,12275,12206,12139,12208,12214,12141,11927,11719,11389,11290,11020,11117,11116,11201,11148,11108,11105,11031,11050,10956,10882,10767,10635,10542,10448,10258,10423,10481,10567,10471,10378,10287,10242,10253,10131,10027,9866,9833,9608
 "22025","Catahoula, LA",5,CAINC1,3,"...","Per capita personal income (dollars) 2/","Dollars",1836,2051,2275,2642,2998,3999,3484,5229,5088,5092,5303,5624,7290,7852,8401,9221,8371,8488,8747,10692,9803,11183,11645,13238,13535,16078,15568,17644,15616,16097,17965,18585,19024,17930,20676,20922,23591,23846,25349,23582,26462,28979,30940,32285,33704,32114,30934,31982,33413,33655
 "22027","Claiborne, LA",5,CAINC1,1,"...","Personal income (thousands of dollars)","Thousands of dollars",40026,41157,44456,48718,54572,60852,67018,73880,80511,91087,103538,119776,144524,153995,165297,172908,180275,178924,177168,183046,195902,204471,214091,228411,244870,258531,270178,274631,290154,296057,304187,312314,342427,351671,362574,390233,408721,415346,439051,484594,471139,491826,506675,538895,557685,577790,553249,522776,538363,561859
 "22027","Claiborne, LA",5,CAINC1,2,"...","Population (persons) 1/","Number of persons",17083,16959,16786,16328,16558,16348,16736,16863,16861,17082,17227,17262,17902,18185,18123,18264,18056,17957,18046,17897,17592,17354,17285,17299,17251,17307,17260,17054,17005,17012,16975,16811,16810,16728,16825,16855,16908,17109,17149,17169,17230,17175,16936,16869,16666,16405,16266,16147,16002,15944
 "22027","Claiborne, LA",5,CAINC1,3,"...","Per capita personal income (dollars) 2/","Dollars",2343,2427,2648,2984,3296,3722,4004,4381,4775,5332,6010,6939,8073,8468,9121,9467,9984,9964,9818,10228,11136,11782,12386,13204,14195,14938,15653,16104,17063,17403,17920,18578,20370,21023,21550,23152,24173,24276,25602,28225,27344,28636,29917,31946,33462,35220,34013,32376,33643,35240
 "22029","Concordia, LA",5,CAINC1,1,"...","Personal income (thousands of dollars)","Thousands of dollars",58995,59934,67802,78542,84305,103269,103240,133871,137680,151398,164116,177452,200763,212394,223570,229704,225593,213860,212743,224841,225851,246415,251297,270840,275114,311992,316358,339895,333624,323424,347499,344655,383263,405796,425718,475532,538162,515446,532343,590574,638629,677945,704027,684622,647946,607704,583379,601155,627206,644735
 "22029","Concordia, LA",5,CAINC1,2,"...","Population (persons) 1/","Number of persons",22513,22456,22093,21639,21564,21609,21568,21929,22223,22497,22708,23026,23168,23516,23483,23440,23222,23102,22114,21826,21057,20787,20632,20750,20728,20679,20852,20654,20496,20532,20348,20225,20134,20132,20074,19972,19885,20315,20244,20420,20726,20840,20840,20498,20499,20479,20232,19973,19849,19572
 "22029","Concordia, LA",5,CAINC1,3,"...","Per capita personal income (dollars) 2/","Dollars",2620,2669,3069,3630,3910,4779,4787,6105,6195,6730,7227,7707,8666,9032,9521,9800,9715,9257,9620,10302,10726,11854,12180,13053,13273,15087,15172,16457,16278,15752,17078,17041,19036,20157,21207,23810,27064,25373,26296,28921,30813,32531,33782,33399,31609,29674,28834,30098,31599,32942
 "22031","De Soto, LA",5,CAINC1,1,"...","Personal income (thousands of dollars)","Thousands of dollars",54190,59953,66243,71880,79240,86985,98731,111399,124223,145012,166457,189230,233137,230458,238555,269797,285374,282817,281872,289014,310776,310632,305847,331944,363007,379739,398216,412829,438754,450608,466065,499344,495355,509527,541051,591128,635222,678612,731026,806243,837689,900011,963097,956710,974465,1003870,1031913,1010540,1052018,1113471
 "22031","De Soto, LA",5,CAINC1,2,"...","Population (persons) 1/","Number of persons",22773,22765,23293,22730,22879,22964,23772,24275,24608,24711,25338,25868,26389,26359,26494,26730,27189,27185,26818,26007,25835,25594,25220,25202,25054,24942,24994,25002,25301,25264,25447,25502,25449,25598,25675,25958,26029,26175,26413,26590,26413,26669,26779,27024,27095,27068,27111,27198,27265,27436
 "22031","De Soto, LA",5,CAINC1,3,"...","Per capita personal income (dollars) 2/","Dollars",2380,2634,2844,3162,3463,3788,4153,4589,5048,5868,6569,7315,8835,8743,9004,10093,10496,10403,10511,11113,12029,12137,12127,13171,14489,15225,15932,16512,17341,17836,18315,19581,19465,19905,21073,22772,24404,25926,27677,30321,31715,33747,35965,35402,35965,37087,38063,37155,38585,40584
 "22033","East Baton Rouge, LA",5,CAINC1,1,"...","Personal income (thousands of dollars)","Thousands of dollars",984354,1068758,1169080,1291163,1428177,1671022,1930993,2242275,2553659,2891276,3252937,3876983,4346605,4647727,4889404,5219588,5468064,5458477,5535711,5900624,6440520,6953021,7401264,8042339,8324529,8888490,9293027,9665099,9930349,10535513,10848449,11387843,11910034,12226099,12690231,13615888,14538844,15652591,16659367,17497147,17223125,17667539,18742634,19416780,19694266,20278064,20511298,21270506,21672635,22658991
 "22033","East Baton Rouge, LA",5,CAINC1,2,"...","Population (persons) 1/","Number of persons",281736,285345,290641,301837,309342,317286,323157,333381,343224,350059,358763,368283,375979,382572,387338,387790,389275,387186,382191,381140,379472,381197,387839,395911,401201,404146,406207,407473,408960,410256,412110,412958,411666,411024,412553,414162,413812,433474,433344,433723,437623,440559,441173,442592,443840,444798,445078,446029,443607,440956
 "22033","East Baton Rouge, LA",5,CAINC1,3,"...","Per capita personal income (dollars) 2/","Dollars",3494,3745,4022,4278,4617,5267,5975,6726,7440,8259,9067,10527,11561,12149,12623,13460,14047,14098,14484,15482,16972,18240,19083,20314,20749,21993,22878,23720,24282,25680,26324,27576,28931,29745,30760,32876,35134,36110,38444,40342,39356,40103,42484,43871,44372,45589,46085,47689,48855,51386
 "22035","East Carroll, LA",5,CAINC1,1,"...","Personal income (thousands of dollars)","Thousands of dollars",25115,26178,30971,32370,37580,41237,40334,52007,54069,60728,67098,65866,78102,78195,76167,96194,90628,81908,93071,98666,91563,94681,117371,116218,117498,138231,133186,149208,143717,135965,147582,144702,152812,148190,175173,172165,165075,174595,196361,196506,211055,220101,248124,287731,294360,251665,228614,248286,259033,253403
 "22035","East Carroll, LA",5,CAINC1,2,"...","Population (persons) 1/","Number of persons",12974,12852,12757,12321,12341,12162,12223,12122,11935,11783,11636,11719,11489,11342,11462,11202,10960,10939,10729,10448,10054,9663,9557,9700,9595,9780,9811,9529,9434,9450,9426,9384,9136,8911,8750,8588,8374,8188,8102,7939,7862,7737,7657,7577,7498,7442,7276,7236,7133,7037
 "22035","East Carroll, LA",5,CAINC1,3,"...","Per capita personal income (dollars) 2/","Dollars",1936,2037,2428,2627,3045,3391,3300,4290,4530,5154,5766,5620,6798,6894,6645,8587,8269,7488,8675,9444,9107,9798,12281,11981,12246,14134,13575,15658,15234,14388,15657,15420,16726,16630,20020,20047,19713,21323,24236,24752,26845,28448,32405,37974,39258,33817,31420,34313,36315,36010
 "22037","East Feliciana, LA",5,CAINC1,1,"...","Personal income (thousands of dollars)","Thousands of dollars",34927,39363,43846,49470,57152,61801,67762,77127,84683,96433,111721,134766,151118,165435,179563,190460,200225,200982,201601,220068,228286,249065,265578,296286,315760,343691,360098,373275,388197,402273,418426,434761,448841,469520,478331,514732,563979,597244,645603,686804,675496,678758,698363,703489,706535,713831,744021,777498,792676,825692
 "22037","East Feliciana, LA",5,CAINC1,2,"...","Population (persons) 1/","Number of persons",17844,17725,18553,18609,18396,18154,17928,18085,18352,18309,18698,19054,19180,19453,19424,19701,19747,19972,19551,19453,19463,19186,19598,19857,20175,20470,20555,20928,20921,21082,21272,21298,20978,20667,20502,20266,20093,20559,20432,20415,20487,20172,20098,19875,19618,19694,19558,19528,19408,19305
 "22037","East Feliciana, LA",5,CAINC1,3,"...","Per capita personal income (dollars) 2/","Dollars",1957,2221,2363,2658,3107,3404,3780,4265,4614,5267,5975,7073,7879,8504,9244,9668,10140,10063,10312,11313,11729,12982,13551,14921,15651,16790,17519,17836,18555,19081,19670,20413,21396,22718,23331,25399,28068,29050,31598,33642,32972,33649,34748,35396,36015,36246,38042,39815,40843,42771
 "22039","Evangeline, LA",5,CAINC1,1,"...","Personal income (thousands of dollars)","Thousands of dollars",62515,66842,73509,79979,95301,115659,123932,133181,149144,170805,203987,225550,257217,282092,292742,305721,311567,302468,296004,319720,329329,366974,391639,419963,446830,478752,496694,519503,552537,564240,574031,586794,664239,679030,706169,762127,790486,855944,936426,1048896,1036236,1040073,1038558,1059939,1052465,1048386,1066928,1063087,1097305,1126066
 "22039","Evangeline, LA",5,CAINC1,2,"...","Population (persons) 1/","Number of persons",31880,32049,33111,32472,32378,32158,32303,32642,32720,32731,33109,33493,34035,34147,34483,34841,35108,35106,34389,33903,33490,33287,33608,33910,34193,34407,34539,34858,34949,35094,35396,35414,35155,34894,34513,34399,34532,34839,34873,34316,34078,33958,33839,33746,33826,33756,33713,33642,33625,33443
 "22039","Evangeline, LA",5,CAINC1,3,"...","Per capita personal income (dollars) 2/","Dollars",1961,2086,2220,2463,2943,3597,3837,4080,4558,5218,6161,6734,7557,8261,8489,8775,8875,8616,8608,9430,9834,11025,11653,12385,13068,13914,14381,14903,15810,16078,16217,16570,18895,19460,20461,22155,22891,24569,26852,30566,30408,30628,30691,31409,31114,31058,31647,31600,32634,33671
 "22041","Franklin, LA",5,CAINC1,1,"...","Personal income (thousands of dollars)","Thousands of dollars",42310,50675,59363,59564,75376,74863,72344,86335,99513,106483,135727,124055,144776,155199,156843,200201,181267,185463,202154,218128,217895,240108,266556,288263,309719,348876,330842,349029,342736,335486,358404,379868,391833,391892,418964,436993,459217,486998,517701,534263,557336,564992,602511,615166,624877,565856,597421,611327,632061,643543
 "22041","Franklin, LA",5,CAINC1,2,"...","Population (persons) 1/","Number of persons",24035,23869,23667,23465,23647,23321,23596,23886,24063,23962,23833,24184,24315,24295,24162,23908,23757,23865,23389,22930,22678,22346,22075,22075,22179,21974,21785,21607,21579,21489,21279,21261,21070,20939,20942,20895,20660,20685,20740,20758,20677,20810,20768,20572,20509,20433,20388,20371,20261,20156
 "22041","Franklin, LA",5,CAINC1,3,"...","Per capita personal income (dollars) 2/","Dollars",1760,2123,2508,2538,3188,3210,3066,3614,4136,4444,5695,5130,5954,6388,6491,8374,7630,7771,8643,9513,9608,10745,12075,13058,13965,15877,15187,16154,15883,15612,16843,17867,18597,18716,20006,20914,22227,23544,24961,25738,26954,27150,29012,29903,30468,27693,29303,30010,31196,31928
 "22043","Grant, LA",5,CAINC1,1,"...","Personal income (thousands of dollars)","Thousands of dollars",31336,33583,37008,41374,45957,50195,55485,67272,74142,81350,91310,104477,115876,128442,139746,143338,151571,155356,164645,173482,185111,196678,207934,221673,232996,252993,265080,278531,293863,308682,336773,348667,382436,400780,416443,445760,454452,484005,517519,564950,569507,583675,607805,613175,629288,631824,663061,685790,688899,715551
 "22043","Grant, LA",5,CAINC1,2,"...","Population (persons) 1/","Number of persons",13623,13761,14314,14379,14275,14459,14969,15573,15817,16046,16400,16775,17035,17206,17377,17612,17649,17756,17625,17648,17621,17488,17484,17494,17544,17539,17955,18244,18219,18470,18699,18734,18896,19133,19420,19878,20386,21039,21268,21657,22069,22335,22377,22382,22298,22353,22301,22282,22322,22482
 "22043","Grant, LA",5,CAINC1,3,"...","Per capita personal income (dollars) 2/","Dollars",2300,2440,2585,2877,3219,3472,3707,4320,4687,5070,5568,6228,6802,7465,8042,8139,8588,8749,9342,9830,10505,11246,11893,12671,13281,14425,14764,15267,16129,16713,18010,18611,20239,20947,21444,22425,22292,23005,24333,26086,25806,26133,27162,27396,28222,28266,29732,30778,30862,31828
 "22045","Iberia, LA",5,CAINC1,1,"...","Personal income (thousands of dollars)","Thousands of dollars",140498,153963,169013,183640,209879,254010,287387,311791,351854,428408,486001,573532,716017,775307,740087,759015,786358,764802,720744,782664,863137,930592,975082,1017085,1066000,1139957,1185334,1270630,1382305,1455616,1445385,1507902,1630000,1691311,1760259,1843901,2013974,2259773,2418217,2653922,2516069,2596467,2746303,2928518,2900467,2949636,2773888,2648610,2672572,2785858
 "22045","Iberia, LA",5,CAINC1,2,"...","Population (persons) 1/","Number of persons",57059,57652,58562,58325,58754,58750,60084,61318,62128,62753,63417,64256,66156,68801,69572,69314,69483,70205,68912,68110,68447,68254,68867,69406,70105,70492,70927,71378,72024,72674,73243,73170,72993,72862,72760,72590,72641,73362,73482,73522,73372,73122,73445,73671,73854,73744,73761,73008,72001,70941
 "22045","Iberia, LA",5,CAINC1,3,"...","Per capita personal income (dollars) 2/","Dollars",2462,2671,2886,3149,3572,4324,4783,5085,5663,6827,7664,8926,10823,11269,10638,10950,11317,10894,10459,11491,12610,13634,14159,14654,15206,16171,16712,17801,19192,20029,19734,20608,22331,23213,24193,25402,27725,30803,32909,36097,34292,35509,37393,39751,39273,39998,37606,36278,37119,39270
 "22047","Iberville, LA",5,CAINC1,1,"...","Personal income (thousands of dollars)","Thousands of dollars",74359,79625,85541,91316,105230,129515,145107,163781,184036,203162,229369,252055,285117,306467,309067,327463,338377,337889,330505,360291,382717,414374,429313,470554,483744,512921,531221,553146,573598,593512,608406,629899,661947,682235,699284,733673,819342,874157,960789,1055311,1050131,1088263,1152629,1163588,1170577,1191632,1220399,1242701,1302613,1355403
 "22047","Iberville, LA",5,CAINC1,2,"...","Population (persons) 1/","Number of persons",30676,30821,31494,30938,30886,30696,31214,31645,31494,31676,31998,32220,32411,32840,32494,32534,32420,32524,32268,31628,31413,31044,31215,31422,31659,31814,31691,32173,32468,33004,33191,33321,33327,33242,33042,32717,32697,33519,33603,33685,33393,33390,33358,33327,33388,33135,33137,32869,32920,32721
 "22047","Iberville, LA",5,CAINC1,3,"...","Per capita personal income (dollars) 2/","Dollars",2424,2583,2716,2952,3407,4219,4649,5176,5844,6414,7168,7823,8797,9332,9512,10065,10437,10389,10243,11392,12183,13348,13753,14975,15280,16122,16763,17193,17667,17983,18330,18904,19862,20523,21163,22425,25059,26079,28592,31329,31448,32592,34553,34914,35060,35963,36829,37808,39569,41423
 "22049","Jackson, LA",5,CAINC1,1,"...","Personal income (thousands of dollars)","Thousands of dollars",38416,42276,45686,49285,55164,60584,67582,76848,84859,95643,105052,118614,132275,144173,149460,160620,167497,175900,176309,177971,189357,196958,211793,228319,244678,261341,274580,288869,301601,315591,331707,355931,359830,368083,369312,379632,384189,393553,418927,456681,468580,498585,502296,499433,497456,512247,519732,504988,523401,542520
 "22049","Jackson, LA",5,CAINC1,2,"...","Population (persons) 1/","Number of persons",15866,16092,16664,16468,16198,16380,16396,16463,16819,16962,17156,17286,17116,17011,17013,16927,16968,16999,16642,16331,16035,15833,15594,15585,15427,15488,15481,15525,15525,15396,15398,15415,15517,15470,15575,15650,15674,15950,15922,16105,16118,16307,16348,16263,16130,15989,15948,15899,15893,15902
 "22049","Jackson, LA",5,CAINC1,3,"...","Per capita personal income (dollars) 2/","Dollars",2421,2627,2742,2993,3406,3699,4122,4668,5045,5639,6123,6862,7728,8475,8785,9489,9871,10348,10594,10898,11809,12440,13582,14650,15860,16874,17737,18607,19427,20498,21542,23090,23189,23793,23712,24258,24511,24674,26311,28356,29072,30575,30725,30710,30840,32037,32589,31762,32933,34116
 "22051","Jefferson, LA",5,CAINC1,1,"...","Personal income (thousands of dollars)","Thousands of dollars",1226375,1358307,1498271,1676293,1885164,2152975,2454744,2787887,3121343,3582274,4086407,4785679,5514815,5923409,6168837,6568735,6848627,6948476,6998129,7239315,7705353,8174011,8565710,9008878,9353570,9899463,10515604,10814953,11461531,12002098,12310577,13028436,15200176,15579803,14887058,14477929,15278206,16378415,18809317,18903952,17659715,18347323,18626654,19512376,19558203,20130513,20873836,20801762,21169296,22138952
 "22051","Jefferson, LA",5,CAINC1,2,"...","Population (persons) 1/","Number of persons",325992,340752,354591,368906,385925,394855,407436,421804,432366,438558,447061,456041,461009,467248,470047,468706,466226,463825,457405,451755,450857,448568,453666,457963,458812,460129,461176,460433,459207,458575,457571,454936,453154,453429,454533,456602,456554,426285,432683,431759,431921,432608,434060,433964,434296,434131,435275,436749,436296,434051
 "22051","Jefferson, LA",5,CAINC1,3,"...","Per capita personal income (dollars) 2/","Dollars",3762,3986,4225,4544,4885,5453,6025,6609,7219,8168,9141,10494,11962,12677,13124,14015,14690,14981,15300,16025,17090,18222,18881,19672,20386,21515,22802,23489,24959,26173,26904,28638,33543,34360,32752,31708,33464,38421,43471,43784,40886,42411,42913,44963,45034,46370,47956,47629,48520,51005
 "22053","Jefferson Davis, LA",5,CAINC1,1,"...","Personal income (thousands of dollars)","Thousands of dollars",68835,73899,79028,87378,110982,128893,141003,135776,156081,179293,211368,236312,283351,306647,301732,309967,322749,307078,303048,325895,340388,366839,402466,404187,420112,446020,473904,494580,518455,540456,545645,571277,628525,635676,679821,717285,801657,853301,913089,1045963,990684,1004798,1038498,1085875,1155384,1201844,1183579,1195369,1256644,1336995
 "22053","Jefferson Davis, LA",5,CAINC1,2,"...","Population (persons) 1/","Number of persons",29346,29609,29883,29577,29897,30128,30387,30834,31046,31329,31638,32249,32519,32700,33076,33032,32976,33059,32263,31692,31062,30685,30888,30979,30969,31313,31671,31805,31736,31657,31525,31506,31232,31113,31091,31076,31202,31489,31379,31497,31530,31633,31590,31446,31297,31448,31431,31382,31491,31582
 "22053","Jefferson Davis, LA",5,CAINC1,3,"...","Per capita personal income (dollars) 2/","Dollars",2346,2496,2645,2954,3712,4278,4640,4403,5027,5723,6681,7328,8713,9378,9122,9384,9787,9289,9393,10283,10958,11955,13030,13047,13566,14244,14963,15550,16336,17072,17308,18132,20124,20431,21866,23082,25692,27098,29099,33208,31420,31764,32874,34531,36917,38217,37656,38091,39905,42334
 "22055","Lafayette, LA",5,CAINC1,1,"...","Personal income (thousands of dollars)","Thousands of dollars",313654,351366,391238,440223,500185,579683,696390,810797,954313,1165425,1380969,1689576,2099367,2352243,2357809,2436001,2553035,2382657,2259128,2428774,2607944,2849524,2999250,3153792,3352200,3602187,3833107,4188725,4641530,4956404,4975463,5348230,5795166,5859401,6058561,6239906,7137732,8309359,8698082,9877042,9069202,9775732,10110831,11433399,11594434,12540212,11798097,10953503,11464821,12205411
 "22055","Lafayette, LA",5,CAINC1,2,"...","Population (persons) 1/","Number of persons",110033,111926,113918,118876,122286,126426,129532,134488,138784,142500,146143,151416,156738,164025,168383,167800,169553,169829,165344,163100,163746,165269,168703,171468,174765,177625,180810,183320,186421,188716,190049,190516,191725,194565,196710,199338,202053,209424,211826,215139,219466,222264,224591,227230,231414,235650,239281,241209,241534,242782
 "22055","Lafayette, LA",5,CAINC1,3,"...","Per capita personal income (dollars) 2/","Dollars",2851,3139,3434,3703,4090,4585,5376,6029,6876,8178,9449,11159,13394,14341,14003,14517,15057,14030,13663,14891,15927,17242,17778,18393,19181,20280,21200,22849,24898,26264,26180,28072,30226,30115,30799,31303,35326,39677,41062,45910,41324,43983,45019,50316,50103,53215,49306,45411,47467,50273
 "22057","Lafourche, LA",5,CAINC1,1,"...","Personal income (thousands of dollars)","Thousands of dollars",181130,197202,216864,241341,273837,329448,374458,437186,494118,563368,642151,772485,906606,956289,925660,962907,987544,952807,928700,996401,1052142,1147789,1205522,1258447,1328471,1430363,1506047,1625350,1791236,1901790,1956600,2133084,2244734,2327386,2402136,2444286,2740753,3294778,3658061,4004644,3828763,3913795,3894308,4107668,4232574,4525644,4478193,4237262,4334212,4620843
 "22057","Lafourche, LA",5,CAINC1,2,"...","Population (persons) 1/","Number of persons",68130,69233,70812,72311,72224,72834,74331,75995,77547,78803,80841,83334,86588,87886,88628,88601,88615,88426,87186,86550,86167,85808,86229,86354,86729,87181,87611,87805,88650,89454,90062,89775,90105,90994,91899,92580,92656,94385,94745,95603,96080,96764,97087,97187,97291,97906,98323,98522,98202,98115
 "22057","Lafourche, LA",5,CAINC1,3,"...","Per capita personal income (dollars) 2/","Dollars",2659,2848,3063,3338,3791,4523,5038,5753,6372,7149,7943,9270,10470,10881,10444,10868,11144,10775,10652,11512,12210,13376,13980,14573,15317,16407,17190,18511,20206,21260,21725,23760,24912,25577,26139,26402,29580,34908,38610,41888,39850,40447,40112,42266,43504,46224,45546,43008,44136,47096
 "22059","LaSalle, LA",5,CAINC1,1,"...","Personal income (thousands of dollars)","Thousands of dollars",27118,32228,36027,42367,49648,54214,57947,67789,76395,87908,97808,113013,127480,137830,144913,158894,165807,154810,146504,153207,157503,167279,172038,185214,194862,203606,211476,217080,227664,227996,238849,249732,266663,275880,270348,290278,309427,339440,366655,415629,406246,444913,445944,451899,454740,468023,457547,444032,452094,483505
 "22059","LaSalle, LA",5,CAINC1,2,"...","Population (persons) 1/","Number of persons",13269,13421,14101,14293,14850,14834,15126,15510,15664,15979,16378,17023,17067,16810,16825,16447,16078,15844,15153,14621,14078,13621,13733,13805,13887,13894,13911,13948,13912,13871,14219,14271,14207,14359,14356,14366,14313,14519,14570,14667,14717,14908,14939,14861,14822,14876,14985,15036,14929,14917
 "22059","LaSalle, LA",5,CAINC1,3,"...","Per capita personal income (dollars) 2/","Dollars",2044,2401,2555,2964,3343,3655,3831,4371,4877,5501,5972,6639,7469,8199,8613,9661,10313,9771,9668,10479,11188,12281,12527,13416,14032,14654,15202,15564,16365,16437,16798,17499,18770,19213,18832,20206,21619,23379,25165,28338,27604,29844,29851,30408,30680,31462,30534,29531,30283,32413
 "22061","Lincoln, LA",5,CAINC1,1,"...","Personal income (thousands of dollars)","Thousands of dollars",82423,89063,102128,112065,122958,136990,157759,173949,194518,226245,249435,293171,333307,360559,393321,424613,449269,460283,467633,492434,539744,587907,626815,677518,732715,742552,748968,758062,781134,806978,849947,880863,969973,1002733,990070,1076608,1192593,1340270,1338301,1403701,1381822,1447858,1501907,1527993,1568399,1655176,1749375,1757218,1827017,1907180
 "22061","Lincoln, LA",5,CAINC1,2,"...","Population (persons) 1/","Number of persons",33528,34041,35269,37257,36759,37168,36613,37762,38436,38885,39228,39828,40019,40433,40956,41813,41611,42413,41830,41952,41940,41769,42428,42658,43616,43673,43306,43110,42789,42513,42435,42575,42625,42808,43539,44272,44580,44867,45323,45726,46270,46849,47054,47026,47235,47199,47437,47484,47465,47196
 "22061","Lincoln, LA",5,CAINC1,3,"...","Per capita personal income (dollars) 2/","Dollars",2458,2616,2896,3008,3345,3686,4309,4606,5061,5818,6359,7361,8329,8917,9604,10155,10797,10852,11179,11738,12869,14075,14774,15883,16799,17003,17295,17584,18255,18982,20029,20690,22756,23424,22740,24318,26752,29872,29528,30698,29864,30905,31919,32493,33204,35068,36878,37007,38492,40410
 "22063","Livingston, LA",5,CAINC1,1,"...","Personal income (thousands of dollars)","Thousands of dollars",96757,101202,111856,127109,143589,168772,201860,247319,280977,329250,385017,465113,532710,574839,621247,681800,718106,734298,750734,807456,855217,940130,1012172,1121895,1187979,1297821,1382765,1487321,1589508,1717813,1814483,2013304,2102441,2220749,2356139,2570658,2921156,3350925,3715064,4094770,4116309,4240833,4536340,4711414,4787309,5059732,5294024,5238811,5392926,5674450
 "22063","Livingston, LA",5,CAINC1,2,"...","Population (persons) 1/","Number of persons",35919,36547,37148,38585,40374,41685,43799,46391,49286,51891,55745,59356,61452,63664,65917,68084,69802,70813,70045,69852,69914,70761,71880,73264,75401,77123,79342,81668,84364,86938,89799,92648,95597,99007,102146,106048,109208,115722,119528,123962,126230,128679,130158,131815,134012,135517,137463,139970,138038,139567
 "22063","Livingston, LA",5,CAINC1,3,"...","Per capita personal income (dollars) 2/","Dollars",2694,2769,3011,3294,3556,4049,4609,5331,5701,6345,6907,7836,8669,9029,9425,10014,10288,10370,10718,11560,12232,13286,14081,15313,15755,16828,17428,18212,18841,19759,20206,21731,21993,22430,23066,24241,26749,28957,31081,33032,32610,32957,34853,35743,35723,37337,38512,37428,39068,40658
 "22065","Madison, LA",5,CAINC1,1,"...","Personal income (thousands of dollars)","Thousands of dollars",29732,34015,37918,37646,48651,55856,52480,69441,68903,68037,75229,74921,92812,90545,85731,105909,109986,97771,106237,116934,116974,124024,139851,150558,156581,187720,186754,208350,186152,183570,193603,208065,235346,233829,259400,261884,273836,280817,292386,285736,309154,307873,339324,374630,378390,333448,338168,361519,354013,362027
 "22065","Madison, LA",5,CAINC1,2,"...","Population (persons) 1/","Number of persons",15198,15035,15017,15002,14696,14539,14961,15077,14977,14859,14875,15639,15410,15257,14855,14722,14555,14264,13776,13247,12890,12433,12301,12389,12671,12805,13427,13629,13676,13634,13672,13704,13493,13180,12959,12806,12663,12537,12410,12340,12040,12105,11975,12211,11909,11819,11552,11484,11343,11161
 "22065","Madison, LA",5,CAINC1,3,"...","Per capita personal income (dollars) 2/","Dollars",1956,2262,2525,2509,3310,3842,3508,4606,4601,4579,5057,4791,6023,5935,5771,7194,7557,6854,7712,8827,9075,9975,11369,12153,12357,14660,13909,15287,13612,13464,14161,15183,17442,17741,20017,20450,21625,22399,23561,23155,25677,25434,28336,30680,31773,28213,29274,31480,31210,32437
 "22067","Morehouse, LA",5,CAINC1,1,"...","Personal income (thousands of dollars)","Thousands of dollars",73102,82260,91985,99357,121151,133396,142714,154864,168838,181109,219743,230604,266155,278454,289693,318322,316482,314405,337938,358348,363839,388395,429144,466387,489467,514273,526711,542928,546146,552885,583458,606692,621303,626994,676798,680543,708427,717942,785514,807719,850382,845977,887059,935147,970695,903690,917282,970412,967072,977686
 "22067","Morehouse, LA",5,CAINC1,2,"...","Population (persons) 1/","Number of persons",32507,32433,32515,32842,32512,32722,33026,33613,33988,34237,34602,34811,34782,34448,34098,34154,34116,33659,33486,32649,32387,31914,31677,31865,31978,31862,31881,31747,31598,31338,31122,30961,30605,30319,30224,29891,29355,29079,28478,28311,28147,27872,27478,27378,26940,26655,26309,25910,25687,25398
 "22067","Morehouse, LA",5,CAINC1,3,"...","Per capita personal income (dollars) 2/","Dollars",2249,2536,2829,3025,3726,4077,4321,4607,4968,5290,6351,6624,7652,8083,8496,9320,9277,9341,10092,10976,11234,12170,13547,14636,15306,16141,16521,17102,17284,17643,18747,19595,20301,20680,22393,22767,24133,24689,27583,28530,30212,30352,32283,34157,36032,33903,34866,37453,37648,38495
 "22069","Natchitoches, LA",5,CAINC1,1,"...","Personal income (thousands of dollars)","Thousands of dollars",76719,82764,91416,99896,112324,117611,135223,155432,168394,192638,220638,241293,280314,301474,333082,354036,363195,373633,378867,391454,409586,429142,450221,490805,536624,567883,601388,636804,649461,678106,733247,750301,779068,800390,828497,919658,1036794,1096402,1130081,1171457,1176729,1248098,1269697,1277642,1277772,1311379,1385837,1404497,1482852,1540941
 "22069","Natchitoches, LA",5,CAINC1,2,"...","Population (persons) 1/","Number of persons",35151,35275,36019,36860,37112,37492,37671,38675,38698,39132,39679,39905,40002,39908,39649,39158,39190,39286,38205,37756,37781,37112,36937,37135,37452,37950,38220,38188,38239,38297,38814,39089,38844,39178,38924,38950,39107,38984,39114,39244,39425,39527,39380,39335,39114,39117,38996,39005,39038,38659
 "22069","Natchitoches, LA",5,CAINC1,3,"...","Per capita personal income (dollars) 2/","Dollars",2183,2346,2538,2710,3027,3137,3590,4019,4351,4923,5561,6047,7007,7554,8401,9041,9268,9511,9917,10368,10841,11563,12189,13217,14328,14964,15735,16676,16984,17707,18891,19195,20056,20430,21285,23611,26512,28124,28892,29851,29847,31576,32242,32481,32668,33525,35538,36008,37985,39860
 "22071","Orleans, LA",5,CAINC1,1,"...","Personal income (thousands of dollars)","Thousands of dollars",2112867,2253224,2397907,2560602,2742817,3022684,3344858,3656860,3986763,4412822,4829653,5378538,6050674,6474157,6761976,7184117,7441347,7535778,7588568,7912990,8228543,8760697,9128586,9843392,10242994,10648963,11118574,11398214,11796999,12272867,12395654,12978473,12507300,12774356,14055454,14369048,14583882,11528441,13614643,13950516,13748544,14727201,15205042,16718993,16788818,17658878,18624894,18872769,19356079,20333723
 "22071","Orleans, LA",5,CAINC1,2,"...","Population (persons) 1/","Number of persons",600566,592714,595008,595004,580637,572854,568223,567979,563766,560762,556813,558557,559875,561596,559688,553082,549348,542994,529774,518718,506903,495744,494767,496006,496468,496092,495018,490610,488061,485801,485511,485610,487363,489722,492187,493765,494294,230172,268751,301842,327803,347770,360686,369761,378623,383930,389791,391977,391538,391006
 "22071","Orleans, LA",5,CAINC1,3,"...","Per capita personal income (dollars) 2/","Dollars",3518,3802,4030,4304,4724,5277,5887,6438,7072,7869,8674,9629,10807,11528,12082,12989,13546,13878,14324,15255,16233,17672,18450,19845,20632,21466,22461,23233,24171,25263,25531,26726,25663,26085,28557,29101,29504,50086,50659,46218,41941,42348,42156,45216,44342,45995,47782,48148,49436,52004
 "22073","Ouachita, LA",5,CAINC1,1,"...","Personal income (thousands of dollars)","Thousands of dollars",308614,325548,368490,409013,455031,510767,575534,673318,752103,881486,982735,1096093,1226212,1312288,1416525,1526586,1633350,1707549,1728879,1821342,1952058,2078481,2189681,2357382,2472151,2626910,2804020,2943609,2947462,3088263,3225759,3505442,3574101,3736986,3774944,3922846,4129318,4454661,4613887,4861915,4988563,5111970,5346152,5452015,5519710,5602523,5878423,6046772,6095608,6341693
 "22073","Ouachita, LA",5,CAINC1,2,"...","Population (persons) 1/","Number of persons",114301,115516,117592,121721,123405,125368,129020,132873,134357,135326,137021,139654,141049,141490,143220,144265,144997,146832,145826,144502,143042,142193,143334,145163,145907,146230,147018,147316,147692,147640,147190,147271,146789,147728,148549,149293,149476,151183,151157,151727,153058,153967,154631,155239,156047,156351,156877,156917,155757,154475
 "22073","Ouachita, LA",5,CAINC1,3,"...","Per capita personal income (dollars) 2/","Dollars",2700,2818,3134,3360,3687,4074,4461,5067,5598,6514,7172,7849,8694,9275,9891,10582,11265,11629,11856,12604,13647,14617,15277,16240,16943,17964,19073,19982,19957,20918,21916,23803,24349,25296,25412,26276,27625,29465,30524,32044,32593,33202,34574,35120,35372,35833,37472,38535,39135,41053
 "22075","Plaquemines, LA",5,CAINC1,1,"...","Personal income (thousands of dollars)","Thousands of dollars",74109,81016,84895,91442,104536,124166,140526,153998,164851,184830,209310,253357,291712,312461,313894,324323,336595,338851,337339,346497,364459,401107,413013,418134,430025,467898,484524,504310,536000,545982,550979,582466,641830,659821,688239,749612,796311,765445,957009,1000067,928593,1001417,969311,1022409,1026472,1092415,1097111,1097849,1103518,1155889
 "22075","Plaquemines, LA",5,CAINC1,2,"...","Population (persons) 1/","Number of persons",25297,25331,26327,25656,25382,25594,25692,25678,25833,25885,25946,26101,26265,26752,26915,26693,26625,26669,26238,26319,25922,25530,25589,25891,25567,25668,25942,26149,26430,26727,26689,26758,27029,27462,28169,29390,29558,22329,22709,22677,22730,23122,23586,23831,23515,23312,23443,23331,23367,23410
 "22075","Plaquemines, LA",5,CAINC1,3,"...","Per capita personal income (dollars) 2/","Dollars",2930,3198,3225,3564,4119,4851,5470,5997,6381,7140,8067,9707,11106,11680,11662,12150,12642,12706,12857,13165,14060,15711,16140,16150,16820,18229,18677,19286,20280,20428,20644,21768,23746,24027,24432,25506,26941,34280,42142,44100,40853,43310,41097,42902,43652,46861,46799,47055,47225,49376
 "22077","Pointe Coupee, LA",5,CAINC1,1,"...","Personal income (thousands of dollars)","Thousands of dollars",48102,52006,56812,62016,68938,78905,81576,100157,106735,131889,154855,169751,200233,217578,230075,244266,254631,250221,234410,256153,264837,287144,290245,330533,335722,359421,376225,410319,420409,447212,465561,499022,503136,510190,531323,563668,613001,670765,737828,789135,785989,803904,856912,867603,884614,902071,907275,909413,954577,973397
 "22077","Pointe Coupee, LA",5,CAINC1,2,"...","Population (persons) 1/","Number of persons",22027,21957,22613,22285,22325,22195,22526,22825,23266,23631,24053,24087,24216,24594,24628,24395,24219,23900,23558,23003,22892,22482,22499,22551,22588,22772,22837,22743,23148,22991,22807,22759,22574,22451,22369,22332,22075,22754,22848,22966,22847,22818,22806,22676,22423,22309,22207,22124,22212,21940
 "22077","Pointe Coupee, LA",5,CAINC1,3,"...","Per capita personal income (dollars) 2/","Dollars",2184,2369,2512,2783,3088,3555,3621,4388,4588,5581,6438,7047,8269,8847,9342,10013,10514,10469,9950,11136,11569,12772,12900,14657,14863,15783,16474,18042,18162,19452,20413,21926,22288,22725,23753,25240,27769,29479,32293,34361,34402,35231,37574,38261,39451,40435,40855,41105,42976,44366
 "22079","Rapides, LA",5,CAINC1,1,"...","Personal income (thousands of dollars)","Thousands of dollars",338706,364891,415665,452700,503607,546327,611545,683028,747028,850741,940782,1072809,1194874,1282028,1383023,1470672,1559951,1620477,1667391,1759234,1895875,2011168,2077800,2152874,2276162,2439146,2525795,2590424,2678855,2837516,2926536,3048788,3319836,3427814,3457515,3702699,4072687,4295403,4458980,4737458,4687975,4777616,5059534,5310134,5325994,5420549,5601633,5722916,5793191,6017578
 "22079","Rapides, LA",5,CAINC1,2,"...","Population (persons) 1/","Number of persons",117764,118526,122442,123046,125696,125717,126172,128213,130453,131568,133480,135422,135738,135671,136640,136903,136340,136579,135563,133729,132559,131494,131562,130127,124681,125547,126207,125726,125767,125860,126104,126445,126206,126283,126597,127095,127544,130103,130238,130785,131095,131757,132001,132002,132319,132207,131801,131878,131282,130562
 "22079","Rapides, LA",5,CAINC1,3,"...","Per capita personal income (dollars) 2/","Dollars",2876,3079,3395,3679,4007,4346,4847,5327,5726,6466,7048,7922,8803,9450,10122,10742,11442,11865,12300,13155,14302,15295,15793,16544,18256,19428,20013,20604,21300,22545,23207,24112,26305,27144,27311,29133,31932,33015,34237,36223,35760,36261,38330,40228,40251,41000,42501,43396,44128,46090
 "22081","Red River, LA",5,CAINC1,1,"...","Personal income (thousands of dollars)","Thousands of dollars",23521,26750,28912,31721,34814,34594,36451,43598,48857,53011,62760,66554,80053,78541,86103,97496,97623,99150,100497,103815,109725,115133,114319,128202,137320,143180,147159,154066,157261,154226,158882,162869,169153,172924,175299,181191,194861,195754,210970,228645,238676,276754,283195,288622,285302,293662,311559,301097,331951,357737
 "22081","Red River, LA",5,CAINC1,2,"...","Population (persons) 1/","Number of persons",9261,9230,9205,9300,9351,9715,9948,9917,9972,10059,10277,10524,10871,10798,10704,10443,10397,10337,10231,9976,9716,9491,9375,9520,9609,9586,9771,9833,9798,9780,9664,9598,9494,9464,9468,9433,9295,9281,9245,9185,9117,9099,9082,9072,8959,8760,8714,8621,8519,8477
 "22081","Red River, LA",5,CAINC1,3,"...","Per capita personal income (dollars) 2/","Dollars",2540,2898,3141,3411,3723,3561,3664,4396,4899,5270,6107,6324,7364,7274,8044,9336,9390,9592,9823,10406,11293,12131,12194,13467,14291,14936,15061,15668,16050,15770,16441,16969,17817,18272,18515,19208,20964,21092,22820,24893,26179,30416,31182,31815,31845,33523,35754,34926,38966,42201
 "22083","Richland, LA",5,CAINC1,1,"...","Personal income (thousands of dollars)","Thousands of dollars",45565,53904,61867,65097,82216,85122,81557,95599,112033,114738,151511,152167,170813,181406,178789,221651,207945,209408,231027,231024,239060,247588,272831,285444,303326,340845,342702,356855,347988,344998,370873,390904,417900,418905,441861,482579,510787,560606,598900,591776,613633,627952,650294,690663,710208,680018,711621,728670,734690,753760
 "22083","Richland, LA",5,CAINC1,2,"...","Population (persons) 1/","Number of persons",21848,21814,22323,22766,22033,21756,21993,22279,22225,22112,22223,22214,22281,22345,22376,22186,22493,22250,21745,21433,21121,20555,20411,20436,20456,20560,20767,20841,20950,21038,21039,20935,20880,20784,20576,20487,20466,20661,20670,20727,20664,20759,20888,20918,20918,20763,20551,20451,20415,20192
 "22083","Richland, LA",5,CAINC1,3,"...","Per capita personal income (dollars) 2/","Dollars",2086,2471,2771,2859,3731,3913,3708,4291,5041,5189,6818,6850,7666,8118,7990,9991,9245,9412,10624,10779,11319,12045,13367,13968,14828,16578,16502,17123,16610,16399,17628,18672,20014,20155,21475,23555,24958,27134,28974,28551,29696,30250,31132,33018,33952,32751,34627,35630,35988,37330
 "22085","Sabine, LA",5,CAINC1,1,"...","Personal income (thousands of dollars)","Thousands of dollars",38415,40010,45113,51418,58429,65161,76188,85695,97798,112589,124870,138898,160825,171218,195530,211003,218611,226261,223309,231944,250816,264419,279675,304751,335146,353977,364742,379953,394190,397858,409770,429913,463103,464465,474164,525724,556721,556879,585223,655058,658333,701892,727868,743886,760057,772337,778179,759192,792329,830504
 "22085","Sabine, LA",5,CAINC1,2,"...","Population (persons) 1/","Number of persons",18693,18669,19383,19621,20628,21515,22305,23082,23841,24376,25014,25307,25369,25677,25957,25539,25423,25255,24600,24003,23381,22487,22410,22833,22963,23147,23231,23355,23413,23384,23415,23475,23379,23380,23527,23539,23690,23954,24090,24124,24199,24233,24425,24326,24266,24118,24215,24068,24009,24032
 "22085","Sabine, LA",5,CAINC1,3,"...","Per capita personal income (dollars) 2/","Dollars",2055,2143,2327,2621,2833,3029,3416,3713,4102,4619,4992,5489,6339,6668,7533,8262,8599,8959,9078,9663,10727,11759,12480,13347,14595,15293,15701,16269,16836,17014,17500,18314,19809,19866,20154,22334,23500,23248,24293,27154,27205,28964,29800,30580,31322,32023,32136,31544,33001,34558
 "22087","St. Bernard, LA",5,CAINC1,1,"...","Personal income (thousands of dollars)","Thousands of dollars",168689,175869,192115,213303,238232,268839,308423,350263,386009,445807,512855,598193,673556,707646,748096,808460,809747,832985,829521,862297,894394,951960,1002318,1060497,1106128,1184304,1252381,1283837,1368712,1429324,1465677,1514047,1624482,1674248,1716647,1747027,1547480,885854,1262211,1160206,1017898,1128669,1172315,1191584,1218260,1279107,1354080,1391830,1428152,1501125
 "22087","St. Bernard, LA",5,CAINC1,2,"...","Population (persons) 1/","Number of persons",49375,51309,52166,54868,56810,57419,58188,59747,60827,61982,62890,64395,65474,66424,67356,67579,67638,68214,67437,67467,66675,66723,66786,67068,67520,67909,68216,68139,68204,67971,67659,67278,68028,68964,69621,70547,71300,16563,23613,28879,32878,36824,39515,41485,43434,44441,45425,45775,46108,46721
 "22087","St. Bernard, LA",5,CAINC1,3,"...","Per capita personal income (dollars) 2/","Dollars",3416,3428,3683,3888,4193,4682,5300,5862,6346,7193,8155,9289,10287,10653,11107,11963,11972,12211,12301,12781,13414,14267,15008,15812,16382,17440,18359,18841,20068,21028,21663,22504,23880,24277,24657,24764,21704,53484,53454,40175,30960,30650,29668,28723,28049,28782,29809,30406,30974,32130
 "22089","St. Charles, LA",5,CAINC1,1,"...","Personal income (thousands of dollars)","Thousands of dollars",90142,94890,106480,118111,134435,156068,182475,215481,247996,288628,334715,393857,470573,525724,524503,525691,535922,545942,559151,603297,663482,723210,769368,820958,847358,899712,961979,994945,1073960,1117111,1141474,1195170,1290315,1323383,1377930,1492085,1631172,1839051,1999320,2142294,2091521,2110863,2230036,2311009,2302312,2363718,2434353,2436431,2488621,2609760
 "22089","St. Charles, LA",5,CAINC1,2,"...","Population (persons) 1/","Number of persons",29033,29646,30246,31024,31903,32384,32972,34118,35130,35937,36707,37483,38316,39596,40812,40870,41621,41991,42189,42029,42443,42474,43215,43835,44584,45291,45885,46432,47023,47483,47907,48118,48461,49117,49338,49939,50670,52453,52765,52516,52719,52817,52385,52419,52614,52679,52583,52806,52673,52879
 "22089","St. Charles, LA",5,CAINC1,3,"...","Per capita personal income (dollars) 2/","Dollars",3105,3201,3520,3807,4214,4819,5534,6316,7059,8031,9119,10508,12281,13277,12852,12863,12876,13001,13253,14354,15632,17027,17803,18728,19006,19865,20965,21428,22839,23527,23827,24838,26626,26943,27928,29878,32192,35061,37891,40793,39673,39966,42570,44087,43759,44870,46295,46139,47247,49353
 "22091","St. Helena, LA",5,CAINC1,1,"...","Personal income (thousands of dollars)","Thousands of dollars",17102,19258,20873,23805,25893,27346,30510,34638,36753,41813,49507,54027,59617,66848,74838,79415,84521,82932,80969,84457,90844,100895,107961,121329,129338,140066,139697,146806,154343,162619,172211,180484,198042,206111,209702,229704,273687,298454,330127,366893,369970,384388,389642,387514,383429,395331,403058,421626,414106,426816
 "22091","St. Helena, LA",5,CAINC1,2,"...","Population (persons) 1/","Number of persons",9837,9838,9468,9114,9508,9329,9416,9625,9717,9698,9814,9824,9797,9856,10130,10129,10166,10198,10126,9969,9944,9879,10037,10102,10286,10268,10320,10328,10312,10292,10444,10548,10524,10592,10549,10548,10521,11089,11070,11106,11154,11199,10958,10982,10775,10524,10469,10413,10385,10262
 "22091","St. Helena, LA",5,CAINC1,3,"...","Per capita personal income (dollars) 2/","Dollars",1739,1958,2205,2612,2723,2931,3240,3599,3782,4312,5045,5499,6085,6782,7388,7840,8314,8132,7996,8472,9136,10213,10756,12010,12574,13641,13537,14214,14967,15801,16489,17111,18818,19459,19879,21777,26013,26914,29822,33036,33169,34323,35558,35286,35585,37565,38500,40490,39875,41592
 "22093","St. James, LA",5,CAINC1,1,"...","Personal income (thousands of dollars)","Thousands of dollars",49659,54444,59041,64347,73169,90482,91583,104739,118226,132241,154608,181993,195045,212802,233464,248906,245113,227997,227641,241354,265394,292964,301482,318313,315531,329825,345955,354421,380373,394265,389333,401350,422324,449285,471866,502008,569512,654237,720707,825189,807305,855288,862981,892468,900500,933742,934643,922754,984207,1019948
 "22093","St. James, LA",5,CAINC1,2,"...","Population (persons) 1/","Number of persons",19647,19604,19075,19260,19742,20054,20341,20494,20608,20947,21310,21564,21805,21830,21971,22037,22026,21733,21620,21368,21078,20842,20761,20748,20910,20951,20879,20933,20952,21070,21221,21201,21291,21365,21274,21229,21399,21964,22164,22095,22231,22048,21780,21632,21608,21516,21480,21427,21324,21037
 "22093","St. James, LA",5,CAINC1,3,"...","Per capita personal income (dollars) 2/","Dollars",2528,2777,3095,3341,3706,4512,4502,5111,5737,6313,7255,8440,8945,9748,10626,11295,11128,10491,10529,11295,12591,14056,14522,15342,15090,15743,16570,16931,18154,18712,18347,18931,19836,21029,22180,23647,26614,29787,32517,37347,36314,38792,39623,41257,41674,43398,43512,43065,46155,48484
 "22095","St. John the Baptist, LA",5,CAINC1,1,"...","Personal income (thousands of dollars)","Thousands of dollars",55476,62161,68813,76839,89157,106692,121224,148470,171348,192960,240931,249856,333749,378950,393751,411669,426327,433747,443496,481786,531655,583469,612473,648965,657253,692380,726960,736627,789527,814448,828126,871355,919573,977425,1000885,1100010,1256140,1358492,1500102,1619956,1551843,1562634,1599185,1661208,1740306,1751242,1699581,1654119,1682837,1752087
 "22095","St. John the Baptist, LA",5,CAINC1,2,"...","Population (persons) 1/","Number of persons",23469,23823,24021,25009,25240,25058,25383,26463,27649,29598,31085,32287,33686,35809,37312,39274,39819,40164,40066,39859,40110,40058,40616,41151,41571,41855,42042,42264,42222,42536,42865,43248,43580,43878,44316,44822,45296,47296,47386,46811,46336,45594,45066,44725,43576,43723,43542,43440,43339,43184
 "22095","St. John the Baptist, LA",5,CAINC1,3,"...","Per capita personal income (dollars) 2/","Dollars",2364,2609,2865,3072,3532,4258,4776,5610,6197,6519,7751,7739,9908,10583,10553,10482,10707,10799,11069,12087,13255,14566,15080,15770,15810,16542,17291,17429,18699,19147,19319,20148,21101,22276,22585,24542,27732,28723,31657,34606,33491,34273,35485,37143,39937,40053,39033,38078,38830,40573
 "22097","St. Landry, LA",5,CAINC1,1,"...","Personal income (thousands of dollars)","Thousands of dollars",152608,164500,180273,197012,220341,255287,284490,334345,363264,433287,494891,584949,684050,745256,779911,798912,815106,800018,780493,838849,876529,965526,1022250,1090282,1140463,1236764,1280710,1362066,1422573,1485690,1483421,1564260,1725565,1778701,1820114,1988515,2173485,2367800,2542368,2721732,2714546,2809986,2924496,3064808,3144107,3265698,3291930,3247871,3269386,3409105
 "22097","St. Landry, LA",5,CAINC1,2,"...","Population (persons) 1/","Number of persons",80284,80239,80970,81199,79128,78664,80133,81274,82174,82647,83383,84392,85299,87253,87814,87024,86836,86426,84799,83169,81557,80194,80874,81570,82509,82862,83933,84505,85312,86089,87034,87420,86416,85713,85034,84487,83952,85128,84710,84427,83825,83489,83432,83459,83410,83674,83628,83731,83447,82764
 "22097","St. Landry, LA",5,CAINC1,3,"...","Per capita personal income (dollars) 2/","Dollars",1901,2050,2226,2426,2785,3245,3550,4114,4421,5243,5935,6931,8019,8541,8881,9180,9387,9257,9204,10086,10747,12040,12640,13366,13822,14926,15259,16118,16675,17258,17044,17894,19968,20752,21405,23536,25890,27815,30013,32238,32383,33657,35052,36722,37695,39029,39364,38789,39179,41191
 "22099","St. Martin, LA",5,CAINC1,1,"...","Personal income (thousands of dollars)","Thousands of dollars",63833,70283,76572,87256,100619,119858,135038,152923,174505,207717,240298,283954,342979,375333,371199,385006,402088,388777,372990,409748,441924,481477,516116,544545,576948,631036,656260,705865,797842,828644,823741,876306,985653,996954,1018778,1080610,1206657,1405848,1523425,1666590,1631033,1703202,1782375,1944484,2047044,2134083,2049250,1934042,1932403,2018579
 "22099","St. Martin, LA",5,CAINC1,2,"...","Population (persons) 1/","Number of persons",32238,32605,33501,34137,34353,35028,35555,36041,36969,37788,39047,40483,41490,43343,44776,45157,45228,45622,44915,44404,44143,44123,44267,44694,45146,45956,46010,46523,47234,47935,48285,48583,48971,49228,49482,49754,49890,51044,51410,51914,52025,52261,52791,52649,52939,53299,53883,53838,54121,53621
 "22099","St. Martin, LA",5,CAINC1,3,"...","Per capita personal income (dollars) 2/","Dollars",1980,2156,2286,2556,2929,3422,3798,4243,4720,5497,6154,7014,8267,8660,8290,8526,8890,8522,8304,9228,10011,10912,11659,12184,12780,13731,14263,15172,16891,17287,17060,18037,20127,20252,20589,21719,24186,27542,29633,32103,31351,32590,33763,36933,38668,40040,38031,35923,35705,37645
 "22101","St. Mary, LA",5,CAINC1,1,"...","Personal income (thousands of dollars)","Thousands of dollars",164229,178809,188506,207536,225651,269724,314728,341529,379696,443486,501843,566907,668148,702382,678344,697746,710500,653756,593863,647974,689799,744238,786471,831859,859741,910596,952433,1007565,1101581,1181992,1121461,1166455,1249824,1264399,1306082,1337673,1463940,1686736,1816761,1965089,1882434,1961917,1951229,2126072,2079188,2105053,2108476,1899364,1882055,1955140
 "22101","St. Mary, LA",5,CAINC1,2,"...","Population (persons) 1/","Number of persons",60045,60951,62450,62672,61864,61287,62488,63429,63619,63577,64275,64497,65359,66176,65690,64231,63727,62974,60122,58688,58481,57989,57749,57180,56279,55735,55741,55310,54915,54914,54246,53377,53044,53109,53245,53288,53015,54152,54104,54352,54551,54557,54190,53570,53590,53283,52881,52059,50672,49774
 "22101","St. Mary, LA",5,CAINC1,3,"...","Per capita personal income (dollars) 2/","Dollars",2735,2934,3019,3311,3648,4401,5037,5384,5968,6976,7808,8790,10223,10614,10326,10863,11149,10381,9878,11041,11795,12834,13619,14548,15276,16338,17087,18217,20060,21524,20674,21853,23562,23808,24530,25103,27614,31148,33579,36155,34508,35961,36007,39688,38798,39507,39872,36485,37142,39280
 "22103","St. Tammany, LA",5,CAINC1,1,"...","Personal income (thousands of dollars)","Thousands of dollars",205157,220494,238853,276081,324086,380985,457756,552137,647593,791238,936775,1131041,1341383,1488679,1621310,1803763,1930326,2028228,2093141,2273118,2446047,2659932,2873735,3182861,3469907,3800266,4081237,4373896,4722167,5041567,5331753,5801256,6236243,6566164,6832320,7339871,7984939,8824899,10225369,10667872,10423782,11197724,11143398,12055946,12186719,14038558,13924283,13990820,15054619,16097328
 "22103","St. Tammany, LA",5,CAINC1,2,"...","Population (persons) 1/","Number of persons",61027,63715,65033,67558,71579,74681,78929,83687,89110,96583,103823,111983,116239,121684,127172,132226,136594,141747,142640,142803,142930,145075,149566,154407,159833,165523,171030,176171,181426,185357,188947,192131,195622,200701,205708,211405,217358,223133,226294,229252,231224,234537,236813,239041,241941,245232,248913,252389,255820,258111
 "22103","St. Tammany, LA",5,CAINC1,3,"...","Per capita personal income (dollars) 2/","Dollars",3362,3461,3673,4087,4528,5101,5800,6598,7267,8192,9023,10100,11540,12234,12749,13642,14132,14309,14674,15918,17114,18335,19214,20613,21710,22959,23863,24828,26028,27199,28218,30194,31879,32716,33214,34719,36736,39550,45186,46533,45081,47744,47056,50435,50371,57246,55940,55434,58848,62366
 "22105","Tangipahoa, LA",5,CAINC1,1,"...","Personal income (thousands of dollars)","Thousands of dollars",145177,155386,172304,191624,221073,246895,287159,326518,368182,417571,476084,550410,623041,688997,746838,797869,844941,866835,870683,903581,965358,1038985,1134263,1257041,1369982,1490974,1564101,1630230,1724504,1812200,1876524,1996101,2164339,2242896,2342721,2545126,2810109,3255270,3542501,3798810,3758533,3995727,4189651,4315346,4326679,4459695,4640373,4793788,4958676,5213875
 "22105","Tangipahoa, LA",5,CAINC1,2,"...","Population (persons) 1/","Number of persons",65464,66244,68421,68368,68944,70000,72031,74202,76299,78065,79771,81026,82194,84663,86562,88037,88876,89239,87971,87019,86429,85754,86485,88124,89885,91726,93775,94851,96515,98246,99643,100716,101657,102511,103782,105335,106987,114102,116792,118621,120009,121482,122684,123639,125526,127022,128740,130657,132322,133777
 "22105","Tangipahoa, LA",5,CAINC1,3,"...","Per capita personal income (dollars) 2/","Dollars",2218,2346,2518,2803,3207,3527,3987,4400,4826,5349,5968,6793,7580,8138,8628,9063,9507,9714,9897,10384,11169,12116,13115,14264,15241,16255,16679,17187,17868,18446,18832,19819,21291,21880,22573,24162,26266,28529,30332,32025,31319,32892,34150,34903,34468,35110,36045,36690,37474,38974
 "22107","Tensas, LA",5,CAINC1,1,"...","Personal income (thousands of dollars)","Thousands of dollars",18920,21753,23727,25596,28965,31355,26107,40516,42418,45041,54639,45508,62671,60868,58583,83708,71239,67983,78139,85846,73774,83775,92284,89680,95220,115413,105679,123318,117302,119662,123840,123359,117653,112487,134654,133082,144741,149226,159323,143441,175131,152553,192359,191117,205835,163134,146879,160029,165265,163443
 "22107","Tensas, LA",5,CAINC1,2,"...","Population (persons) 1/","Number of persons",9850,9655,9391,9572,8966,8768,8812,8680,8596,8593,8431,8489,8328,8191,8026,7916,8021,7782,7612,7476,7385,7056,6930,6861,6885,6915,6939,6904,6789,6724,6717,6535,6334,6150,5941,5785,5700,5719,5513,5376,5311,5231,5092,4999,4934,4853,4773,4657,4583,4462
 "22107","Tensas, LA",5,CAINC1,3,"...","Per capita personal income (dollars) 2/","Dollars",1921,2253,2527,2674,3231,3576,2963,4668,4935,5242,6481,5361,7525,7431,7299,10575,8882,8736,10265,11483,9990,11873,13317,13071,13830,16690,15230,17862,17278,17796,18437,18877,18575,18291,22665,23005,25393,26093,28900,26682,32975,29163,37777,38231,41718,33615,30773,34363,36060,36630
 "22109","Terrebonne, LA",5,CAINC1,1,"...","Personal income (thousands of dollars)","Thousands of dollars",201504,226101,251221,275316,309750,356531,417507,485801,550737,666249,775597,914103,1075689,1144616,1100813,1149408,1174048,1090581,1054283,1110497,1193011,1301871,1386013,1449675,1531439,1633516,1703346,1811405,2028350,2145412,2035541,2195880,2504643,2576215,2637825,2743083,3075560,3644179,4104356,4387600,4241199,4283789,4338476,4609237,4731507,5057568,4817724,4429077,4398304,4607770
 "22109","Terrebonne, LA",5,CAINC1,2,"...","Population (persons) 1/","Number of persons",75129,76212,77181,79084,80707,81936,84579,86756,88742,90853,93157,94983,97175,100485,101222,100924,101054,100239,97750,97366,97063,97044,98229,99207,99354,99896,100362,101478,102689,104210,104507,104756,105255,105698,106257,106783,107811,109994,110656,111453,111689,111482,111597,111679,112687,113470,113796,112957,111691,111021
 "22109","Terrebonne, LA",5,CAINC1,3,"...","Per capita personal income (dollars) 2/","Dollars",2682,2967,3255,3481,3838,4351,4936,5600,6206,7333,8326,9624,11070,11391,10875,11389,11618,10880,10786,11405,12291,13415,14110,14613,15414,16352,16972,17850,19752,20587,19478,20962,23796,24373,24825,25688,28527,33131,37091,39367,37973,38426,38876,41272,41988,44572,42336,39210,39379,41504
 "22111","Union, LA",5,CAINC1,1,"...","Personal income (thousands of dollars)","Thousands of dollars",42094,44205,49300,56486,66153,70546,81667,93090,102655,113119,124338,135682,154580,166576,182521,201996,209147,221891,221983,230567,250944,261480,277833,309097,340750,367166,376398,406588,420452,444311,462500,461280,490324,502425,497484,557245,577916,595856,620484,670866,678840,671945,704431,737512,760985,756404,805039,805761,833434,866273
 "22111","Union, LA",5,CAINC1,2,"...","Population (persons) 1/","Number of persons",18355,18536,18980,18668,18992,19233,19538,19761,20089,20272,20625,21186,21229,21343,21430,21703,21890,22180,21687,21340,21065,20751,20785,21117,21407,21592,21788,21950,22242,22512,22737,22762,22783,22624,22757,22676,22765,22919,22770,22698,22609,22832,22757,22521,22458,22561,22492,22536,22454,22330
 "22111","Union, LA",5,CAINC1,3,"...","Per capita personal income (dollars) 2/","Dollars",2293,2385,2597,3026,3483,3668,4180,4711,5110,5580,6029,6404,7282,7805,8517,9307,9554,10004,10236,10804,11913,12601,13367,14637,15918,17005,17275,18523,18904,19737,20341,20265,21521,22208,21861,24574,25386,25998,27250,29556,30025,29430,30954,32748,33885,33527,35792,35754,37117,38794
 "22113","Vermilion, LA",5,CAINC1,1,"...","Personal income (thousands of dollars)","Thousands of dollars",99930,104668,113461,125125,158230,185312,209972,210904,242548,281922,333335,382979,458561,520203,522698,544177,569369,535509,503556,542554,582099,626710,642021,682459,732333,792941,848978,908229,968394,1022416,998905,1048353,1152904,1174486,1226647,1271552,1391781,1575861,1770561,1944729,1882705,1990876,2076170,2239110,2315486,2385041,2357440,2181629,2214247,2335883
 "22113","Vermilion, LA",5,CAINC1,2,"...","Population (persons) 1/","Number of persons",42651,43087,43191,43860,44277,44242,44295,45256,46080,46891,47767,48664,49404,50984,51873,51931,52223,52224,51610,50885,50681,50010,50225,50606,51021,51320,51438,51943,52665,53255,53775,54094,54217,54638,54754,55113,55828,56388,56835,57421,57684,58098,58205,58645,59298,59545,59931,60093,59937,59830
 "22113","Vermilion, LA",5,CAINC1,3,"...","Per capita personal income (dollars) 2/","Dollars",2343,2429,2627,2853,3574,4189,4740,4660,5264,6012,6978,7870,9282,10203,10076,10479,10903,10254,9757,10662,11486,12532,12783,13486,14354,15451,16505,17485,18388,19198,18576,19380,21265,21496,22403,23072,24930,27947,31153,33868,32638,34268,35670,38181,39048,40054,39336,36304,36943,39042
 "22115","Vernon, LA",5,CAINC1,1,"...","Personal income (thousands of dollars)","Thousands of dollars",247541,255702,259331,272180,265827,289088,332384,269466,307913,368631,389348,420924,504450,566551,630123,682211,721166,756979,791327,810371,832915,903241,994790,1044105,954034,964086,978049,974296,980700,1007699,1056330,1119827,1175438,1240796,1304551,1373519,1483452,1518412,1543725,1660675,1740489,1864655,1938561,1977400,1926863,1931553,1953198,1930877,1957916,1989995
 "22115","Vernon, LA",5,CAINC1,2,"...","Population (persons) 1/","Number of persons",53161,53954,55505,48061,44320,46902,54266,41777,45524,50941,51435,54236,57183,59654,61704,62239,62256,62269,63010,62477,61574,62090,63958,64097,56512,56991,55807,54647,52416,52151,52389,52744,52958,52319,51288,51402,51808,50781,49796,48007,50903,52714,52238,54088,52787,52793,51415,51449,50519,48860
 "22115","Vernon, LA",5,CAINC1,3,"...","Per capita personal income (dollars) 2/","Dollars",4656,4739,4672,5663,5998,6164,6125,6450,6764,7236,7570,7761,8822,9497,10212,10961,11584,12157,12559,12971,13527,14547,15554,16289,16882,16916,17526,17829,18710,19323,20163,21231,22196,23716,25436,26721,28634,29901,31001,34592,34192,35373,37110,36559,36503,36587,37989,37530,38756,40729
 "22117","Washington, LA",5,CAINC1,1,"...","Personal income (thousands of dollars)","Thousands of dollars",104842,114404,124152,139262,151699,167703,182833,200389,216285,240089,270626,307004,340282,358960,390287,408050,431378,440371,444406,464381,487493,507599,531890,585255,629557,693045,708616,723521,753885,779658,794281,804119,861243,880790,891702,960889,1008307,1110064,1235918,1320967,1310075,1337606,1382153,1392234,1420616,1434756,1465231,1468518,1501255,1559580
 "22117","Washington, LA",5,CAINC1,2,"...","Population (persons) 1/","Number of persons",42019,42041,42367,43261,42848,42370,42549,42829,42612,43010,43520,44271,44445,44443,44797,45451,45784,45644,45109,44174,43688,43158,42730,42925,43057,43142,43380,43470,43621,43616,43884,43936,43992,44156,44277,44521,44880,45157,46376,47000,47262,47088,47123,46678,46413,46324,46368,46403,46609,46582
 "22117","Washington, LA",5,CAINC1,3,"...","Per capita personal income (dollars) 2/","Dollars",2495,2721,2930,3219,3540,3958,4297,4679,5076,5582,6218,6935,7656,8077,8712,8978,9422,9648,9852,10513,11159,11761,12448,13634,14621,16064,16335,16644,17283,17876,18100,18302,19577,19947,20139,21583,22467,24582,26650,28106,27719,28407,29331,29826,30608,30972,31600,31647,32210,33480
 "22119","Webster, LA",5,CAINC1,1,"...","Personal income (thousands of dollars)","Thousands of dollars",120164,123330,128134,139483,155675,173550,192750,219132,244278,278628,302233,345179,385207,417563,447893,479942,504566,501831,495847,516242,533785,560081,588313,621529,656978,689608,714122,751539,798185,843360,861988,874071,922787,939779,956020,1020770,1083770,1150830,1220279,1308784,1278787,1353777,1380519,1418277,1428542,1431321,1448443,1460046,1492413,1558722
 "22119","Webster, LA",5,CAINC1,2,"...","Population (persons) 1/","Number of persons",39807,39966,40572,40548,40653,40701,41349,42039,42611,43192,43523,43658,43693,44112,44298,44580,44469,44376,43943,43071,42464,41883,41404,41360,41388,41846,41858,41993,42065,42073,42092,41700,41372,41375,41125,41145,41203,41331,41275,41240,41131,41196,41236,40903,40658,40282,40055,39748,39274,38798
 "22119","Webster, LA",5,CAINC1,3,"...","Per capita personal income (dollars) 2/","Dollars",3019,3086,3158,3440,3829,4264,4662,5213,5733,6451,6944,7906,8816,9466,10111,10766,11346,11309,11284,11986,12570,13373,14209,15027,15874,16480,17061,17897,18975,20045,20479,20961,22305,22714,23247,24809,26303,27844,29565,31736,31091,32862,33478,34674,35136,35533,36161,36733,38000,40175
 "22121","West Baton Rouge, LA",5,CAINC1,1,"...","Personal income (thousands of dollars)","Thousands of dollars",40336,42706,45385,48381,54271,67173,70880,86452,98317,109297,129598,153489,172712,191412,198209,213679,226598,231054,233159,249546,267168,288257,301939,334527,349813,375891,400748,421801,452653,463394,477876,500433,522798,542578,539473,567543,645362,723940,786594,856631,860639,912190,964411,976946,1005642,1087417,1142113,1165397,1183756,1241438
 "22121","West Baton Rouge, LA",5,CAINC1,2,"...","Population (persons) 1/","Number of persons",16732,16972,17247,17425,17719,17936,17904,18301,18279,18581,18807,19140,19323,19550,19976,20137,20195,20204,19815,19745,19660,19421,19682,19972,20333,20549,20894,21254,21290,21649,21569,21577,21703,21801,21820,22049,21929,22666,23184,23252,23352,23954,24110,24153,24660,25199,25559,25906,26207,26427
 "22121","West Baton Rouge, LA",5,CAINC1,3,"...","Per capita personal income (dollars) 2/","Dollars",2411,2516,2631,2777,3063,3745,3959,4724,5379,5882,6891,8019,8938,9791,9922,10611,11221,11436,11767,12638,13589,14843,15341,16750,17204,18292,19180,19846,21261,21405,22156,23193,24089,24888,24724,25740,29430,31939,33928,36841,36855,38081,40000,40448,40780,43153,44685,44986,45169,46976
 "22123","West Carroll, LA",5,CAINC1,1,"...","Personal income (thousands of dollars)","Thousands of dollars",23445,29213,33817,34344,46444,44099,44017,48826,56331,56710,72040,68399,82201,81495,78432,100288,103534,98712,107280,111209,110338,119630,134232,140614,152936,163095,169270,181672,191299,190125,203102,212518,232074,235032,242516,242488,261385,279243,273079,268866,291932,302228,314786,335688,350656,337893,345414,373005,380008,402303
 "22123","West Carroll, LA",5,CAINC1,2,"...","Population (persons) 1/","Number of persons",13114,13047,13140,13152,13028,12862,13012,13225,13376,13014,12970,12947,13026,12874,12936,12786,12824,12618,12434,12276,12134,12095,12160,12072,12172,11995,12088,12338,12350,12348,12368,12285,12095,12134,12155,12009,11958,11851,11708,11670,11633,11576,11519,11499,11453,11526,11286,11129,10975,10982
 "22123","West Carroll, LA",5,CAINC1,3,"...","Per capita personal income (dollars) 2/","Dollars",1788,2239,2574,2611,3565,3429,3383,3692,4211,4358,5554,5283,6311,6330,6063,7844,8073,7823,8628,9059,9093,9891,11039,11648,12565,13597,14003,14725,15490,15397,16422,17299,19188,19370,19952,20192,21859,23563,23324,23039,25095,26108,27328,29193,30617,29316,30606,33516,34625,36633
 "22125","West Feliciana, LA",5,CAINC1,1,"...","Personal income (thousands of dollars)","Thousands of dollars",18889,20970,23406,25895,29122,33044,35320,41182,45424,49681,57895,74715,90638,100626,117809,127745,130578,109506,105039,102394,110817,116348,123178,148549,153944,170252,178697,186316,202631,223443,237905,257784,263010,270080,279188,305219,329014,376355,401890,431352,434757,441488,463985,489683,502500,512082,528110,557278,573043,597599
 "22125","West Feliciana, LA",5,CAINC1,2,"...","Population (persons) 1/","Number of persons",11351,10796,11112,10644,9013,9807,10549,9550,10859,11035,11532,12271,12589,12801,13202,13409,13172,13261,12863,13075,13029,12927,13000,13271,13364,13104,13263,13840,14053,14588,14913,15145,15152,15216,15326,15300,15431,15736,15655,15767,15639,15641,15514,15474,15460,15376,15366,15304,15377,15460
 "22125","West Feliciana, LA",5,CAINC1,3,"...","Per capita personal income (dollars) 2/","Dollars",1664,1942,2106,2433,3231,3369,3348,4312,4183,4502,5020,6089,7200,7861,8924,9527,9913,8258,8166,7831,8505,9000,9475,11194,11519,12992,13473,13462,14419,15317,15953,17021,17358,17750,18217,19949,21322,23917,25672,27358,27800,28226,29908,31646,32503,33304,34369,36414,37266,38655
 "22127","Winn, LA",5,CAINC1,1,"...","Personal income (thousands of dollars)","Thousands of dollars",34392,38240,41338,45309,49285,55129,56023,74737,82314,88951,97542,104804,114258,121022,133888,138642,144113,147706,152485,159828,168838,180309,186672,204721,222826,235523,246832,249121,255618,258325,260262,262234,292093,299500,303535,321529,343680,358729,379582,414501,423133,439067,462050,499666,503172,517619,506596,489654,502700,518692
 "22127","Winn, LA",5,CAINC1,2,"...","Population (persons) 1/","Number of persons",16291,16376,16419,16591,16662,16163,16322,16468,16726,16977,17204,17298,17446,17522,17359,17178,16915,17044,16791,16498,16418,16463,16288,16627,17317,17457,17494,17534,17354,17220,17079,16816,16498,16427,16165,15908,15751,15720,15588,15398,15393,15302,15149,15102,14850,14820,14645,14535,14335,14134
 "22127","Winn, LA",5,CAINC1,3,"...","Per capita personal income (dollars) 2/","Dollars",2111,2335,2518,2731,2958,3411,3432,4538,4921,5240,5670,6059,6549,6907,7713,8071,8520,8666,9081,9688,10284,10952,11461,12313,12867,13492,14110,14208,14730,15001,15239,15594,17705,18232,18777,20212,21820,22820,24351,26919,27489,28693,30500,33086,33884,34927,34592,33688,35068,36698
"Note: See the included footnote file."
"Last updated: November 14, 2019-- new statistics for 2018; revised statistics for 1969-2017. "
"Source: U.S. Department of Commerce / Bureau of Economic Analysis / Regional Economic Accounts"
